English,Vietnamese
information,thông tin
available,có sẵn
university,trường đại học
management,ban quản lý
international,Quốc tế
development,sự phát triển
education,giáo dục
community,cộng đồng
technology,Công nghệ
following,tiếp theo
resources,tài nguyên
including,bao gồm
directory,danh mục
government,chính phủ
department,phòng
description,sự miêu tả
insurance,bảo hiểm
different,khác biệt
categories,Thể loại
conditions,các điều kiện
accessories,phụ kiện
september,Tháng Chín
questions,câu hỏi
application,đơn xin
financial,tài chính
equipment,Trang thiết bị
performance,màn biểu diễn
experience,kinh nghiệm
important,quan trọng
activities,các hoạt động
additional,thêm vào
something,thứ gì đó
professional,cao thủ
committee,Ủy ban
washington,Washington.
california,California.
reference,tài liệu tham khảo
companies,các công ty
computers,máy tính
president,chủ tịch
australia,Châu Úc
discussion,thảo luận
agreement,hợp đồng
marketing,tiếp thị
association,sự kết hợp
collection,thu thập
solutions,các giải pháp
electronics,thiết bị điện tử
technical,kỹ thuật
microsoft,Microsoft.
conference,hội nghị
environment,môi trường
statement,bản tường trình
downloads,Tải về
applications,các ứng dụng
requirements,Yêu cầu
individual,cá nhân
subscribe,đặt mua
everything,mọi thứ
production,sản xuất
commercial,thương mại
advertising,Quảng cáo
treatment,sự đối đãi
newsletter,Bản tin.
knowledge,hiểu biết
currently,Hiện nay
construction,sự thi công
registered,đăng ký
protection,sự bảo vệ
engineering,kỹ thuật
published,được phát hành
corporate,CÔNG TY.
customers,Khách hàng
materials,vật liệu
countries,Quốc gia
standards,tiêu chuẩn
political,thuộc về chính trị
advertise,Quảng cáo
environmental,thuộc về môi trường
availability,khả dụng
employment,thuê người làm
commission,nhiệm vụ
administration,sự quản lý
institute,học viện
sponsored,tài trợ.
electronic,điện tử
condition,tình trạng
effective,có hiệu lực
organization,tổ chức
selection,Lựa chọn
corporation,tập đoàn
executive,"chấp hành, quản lý"
necessary,cần thiết
according,theo
particular,cụ thể
facilities,cơ sở
opportunities,những cơ hội
appropriate,thích hợp
statistics,số liệu thống kê
investment,đầu tư
christmas,Giáng sinh
registration,đăng ký
furniture,đồ nội thất
wednesday,Thứ Tư
distribution,phân bổ
industrial,công nghiệp
potential,tiềm năng
responsible,chịu trách nhiệm
associated,có liên quan
foundation,sự thành lập
documents,các tài liệu
communication,giao tiếp
independent,sống độc lập
operating,điều hành
developed,đã phát triển
telephone,Điện thoại
population,dân số
navigation,dẫn đường
operations,Hoạt động
therefore,vì thế
christian,Kitô giáo.
understand,hiểu biết
publications,Ấn phẩm.
worldwide,trên toàn thế giới
connection,sự liên quan
publisher,Nhà xuất bản
introduction,Giới thiệu
properties,tính chất
accommodation,chỗ ở
excellent,thông minh
opportunity,dịp tốt
assessment,"thẩm định, lượng định, đánh giá"
especially,đặc biệt là
interface,Giao diện
operation,hoạt động
restaurants,Nhà hàng
beautiful,xinh đẹp
locations,địa điểm
significant,có ý nghĩa
technologies,công nghệ.
manufacturer,nhà chế tạo
providing,cung cấp
authority,thẩm quyền
considered,được xem xét
programme,chương trình
enterprise,Doanh nghiệp
educational,giáo dục
employees,người lao động
alternative,thay thế
processing,Chế biến
responsibility,nhiệm vụ
resolution,nghị quyết
publication,sự xuất bản
relations,Quan hệ
photography,nhiếp ảnh
components,các thành phần
assistance,sự giúp đỡ
completed,hoàn thành
organizations,tổ chức
otherwise,nếu không thì
transportation,vận tải
disclaimer,Tuyên bố miễn trừ trách nhiệm
membership,thành viên
recommended,khuyến khích
background,lai lịch
character,tính cách
maintenance,Sự bảo trì
functions,chức năng
trademarks,Thương hiệu.
phentermine,phentermine.
submitted,ĐĂNG KÝ
television,Tivi
interested,quan tâm đến
throughout,khắp
established,thành lập
programming,Lập trình.
regarding,về
instructions,hướng dẫn
increased,tăng
understanding,hiểu
associates,cộng sự
instruments,dụng cụ
businesses,các doanh nghiệp
specified,quy định
restaurant,nhà hàng
procedures,thủ tục
relationship,mối quan hệ
traditional,truyên thông
sometimes,thỉnh thoảng
transport,vận chuyển
evaluation,đánh giá
implementation,thực hiện
galleries,phòng trưng bày
references,người giới thiệu
presented,trình bày
literature,văn chương
respective,tương ứng
definition,Định nghĩa
networking,Mạng.
australian,người Úc
magazines,tạp chí thời sự
francisco,Francisco.
individuals,cá nhân
guidelines,hướng dẫn
installation,cài đặt
described,mô tả
attention,chú ý
regulations,quy định
certificate,chứng chỉ
documentation,tài liệu
automotive,Ô tô
successful,thành công
communities,cộng đồng
situation,tình hình
publishing,Xuất bản
emergency,trường hợp khẩn cấp
developing,phát triển
determine,quyết tâm
temperature,nhiệt độ
announcements,Thông báo
historical,lịch sử
ringtones,nhạc chuông
difficult,khó khăn
scientific,có tính khoa học
satellite,vệ tinh
particularly,cụ thể
functional,chức năng.
monitoring,giám sát
architecture,ngành kiến ​​trúc
recommend,giới thiệu
dictionary,từ điển
accounting,kế toán
manufacturing,chế tạo
professor,giáo sư
generally,nói chung
continued,tiếp tục
techniques,Kỹ thuật
permission,sự cho phép
generation,thế hệ
component,thành phần
guarantee,Bảo hành
processes,quy trình
interests,Sở thích
paperback,Bìa mềm
classifieds,Rao vặt.
supported,hỗ trợ
competition,sự cạnh tranh
providers,Nhà cung cấp
characters,nhân vật
thousands,Hàng ngàn.
apartments,Căn hộ
generated,tạo ra
administrative,hành chính
practices,thực hành.
reporting,Báo cáo
essential,Thiết yếu
affiliate,Chi nhánh
immediately,ngay lập tức
designated,được chỉ định.
integrated,tích hợp
configuration,cấu hình
comprehensive,toàn diện
universal,phổ quát
languages,Ngôn ngữ.
compliance,sự tuân thủ
improvement,sự cải tiến
pennsylvania,Pennsylvania.
challenge,thách đấu
acceptance,chấp thuận
strategies,chiến lược
affiliates,Chi nhánh
multimedia,Đa phương tiện.
certified,chứng nhận
computing,tin học
interactive,tương tác
procedure,thủ tục
leadership,Khả năng lãnh đạo
religious,Tôn giáo
breakfast,bữa ăn sáng
developer,nhà phát triển
approximately,khoảng
recommendations,khuyến nghị
comparison,so sánh
automatically,tự động
minnesota,Minnesota.
adventure,cuộc phiêu lưu
institutions,thể chế
assistant,phụ tá
advertisement,Quảng cáo
headlines,tiêu đề.
yesterday,hôm qua
determined,xác định
wholesale,bán sỉ
extension,sự mở rộng
statements,các câu lệnh
completely,hoàn toàn
electrical,điện
applicable,áp dụng
manufacturers,Nhà sản xuất của
classical,cổ điển.
dedicated,tận tụy
direction,phương hướng
wisconsin,Wisconsin.
personnel,nhân viên
identified,xác định
professionals,Chuyên gia
advantage,thuận lợi
newsletters,Bản tin
estimated,ước lượng
anonymous,vô danh
miscellaneous,Điều khoản khác
integration,hội nhập
interview,buổi phỏng vấn
framework,Khung
installed,Cài đặt
massachusetts,Massachusetts.
associate,kết hợp
frequently,thường xuyên
discussions,Thảo luận
laboratory,phòng thí nghiệm
destination,điểm đến
intelligence,Sự thông minh
specifications,thông số kỹ thuật
tripadvisor,TripAdvisor
residential,Khu dân cư
decisions,quyết định
industries,các ngành nghề
partnership,hợp tác
editorial,biên tập.
expression,biểu hiện
provisions,điều khoản
principles,Nguyên tắc
suggestions,Gợi ý
replacement,thay thế.
strategic,chiến lược.
economics,Kinh tế học
compatible,tương thích
apartment,chung cư
netherlands,nước Hà Lan
consulting,Tư vấn
recreation,giải trí.
participants,những người tham gia
favorites,yêu thích
estimates,ước tính
protected,được bảo vệ.
officials,quan chức
contained,chứa
legislation,pháp luật
parameters,thông số
relationships,các mối quan hệ
tennessee,Tennessee.
representative,Tiêu biểu
frequency,tần số
introduced,Giới thiệu.
departments,Sở.
residents,cư dân
displayed,hiển thị
performed,thực hiện.
administrator,người quản lý
permanent,dài hạn
agriculture,nông nghiệp
constitutes,cấu thành
portfolio,Danh mục đầu tư
practical,thực tế
delivered,đã giao hàng
collectibles,Sưu tầm
infrastructure,Cơ sở hạ tầng
exclusive,loại trừ
originally,ban đầu
utilities,TIỆN ÍCH
philosophy,triết lý
regulation,Quy định
reduction,sự giảm bớt
nutrition,Dinh dưỡng
recording,ghi âm
wonderful,Tuyệt vời
announced,công bố
prevention,Phòng ngừa
mentioned,đề cập
automatic,tự động
healthcare,chăm sóc sức khỏe
maintained,duy trì
increasing,tăng
directors,đạo diễn
participation,sự tham gia
containing,chứa
combination,sự phối hợp
amendment,sửa đổi.
guaranteed,Đảm bảo
libraries,Thư viện.
distributed,phân phối.
singapore,Singapore
enterprises,Doanh nghiệp
convention,quy ước
principal,hiệu trưởng
certification,chứng nhận.
previously,trước đây
buildings,các tòa nhà
household,hộ gia đình
batteries,pin
positions,vị trí
subscription,đăng ký
contemporary,đương thời
panasonic,Panasonic.
permalink,permalink.
signature,Chữ ký
provision,sự cung cấp
certainly,chắc chắn
newspaper,báo chí
liability,trách nhiệm pháp lý
trademark,Nhãn hiệu
trackback,theo dõi lại
americans,Người Mỹ
promotion,khuyến mãi
conversion,chuyển đổi.
reasonable,hợp lý
broadband,băng thông rộng
influence,ảnh hưởng
importance,tầm quan trọng
webmaster,quản trị trang web.
prescription,đơn thuốc
specifically,đặc biệt
represent,đại diện
conservation,bảo tồn
louisiana,Louisiana.
javascript,JavaScript.
marketplace,thương trường
evolution,sự phát triển
certificates,Giấy chứng nhận
objectives,Mục tiêu.
suggested,đề nghị
concerned,lo lắng
structures,cấu trúc
encyclopedia,Bách Khoa toàn thư
continuing,tiếp tục
interracial,giữa các chủng tộc.
competitive,cạnh tranh
suppliers,các nhà cung cấp
preparation,sự chuẩn bị
receiving,nhận được
accordance,Tùy theo
discussed,thảo luận
elizabeth,Elizabeth.
reservations,đặt phòng
playstation,Playstation.
instruction,hướng dẫn
annotation,Chú thích
differences,sự khác biệt
establish,thiết lập
expressed,bày tỏ
paragraph,đoạn văn
mathematics,toán học
compensation,đền bù
conducted,tiến hành
percentage,Tỷ lệ phần trăm.
mississippi,Mississippi.
requested,yêu cầu
connecticut,Connecticut.
personals,cá nhân.
immediate,ngay tức khắc
agricultural,nông nghiệp
supporting,hỗ trợ
collections,bộ sưu tập
participate,tham gia
specialist,Chuyên gia.
experienced,có kinh nghiệm
investigation,cuộc điều tra
institution,Tổ chức
searching,đang tìm kiếm
proceedings,tố tụng.
transmission,truyền tải
characteristics,đặc trưng
experiences,kinh nghiệm
extremely,cực kì
verzeichnis,verzeichnis.
contracts,hợp đồng.
concerning,liên quan
developers,nhà phát triển
equivalent,tương đương
chemistry,hóa học
neighborhood,hàng xóm
variables,biến
continues,Tiếp tục
curriculum,chương trình giảng dạy
psychology,tâm lý
responses,Phản hồi
circumstances,trường hợp
identification,nhận biết
appliances,thiết bị
elementary,tiểu học.
unlimited,vô hạn
printable,có thể in
enforcement,thực thi
hardcover,bìa cứng
celebrity,Danh nhân
chocolate,sô cô la
hampshire,Hampshire.
bluetooth,Bluetooth
controlled,kiểm soát
requirement,yêu cầu
authorities,Cơ quan chức năng
representatives,Đại diện
pregnancy,thai kỳ
biography,tiểu sử
attractions,Điểm tham quan
transactions,giao dịch
authorized,ủy quyền.
retirement,sự nghỉ hưu
financing,Tài chính
efficient,Có hiệu quả
commitment,sự cam kết
specialty,chuyên môn
interviews,phỏng vấn
qualified,đạt tiêu chuẩn
discovery,khám phá
classified,Phân loại
confidence,sự tự tin
consistent,đặc
clearance,giải tỏa
inventory,hàng tồn kho
converter,chuyển đổi.
organisation,tổ chức
objective,khách quan
indicated,chỉ ra
securities,chứng khoán.
volunteer,Tình nguyện viên
democratic,Dân chủ
switzerland,Thụy sĩ
parameter,tham số
processor,bộ xử lý
dimensions,Kích thước.
contribute,Góp phần
challenges,THỬ THÁCH
recognition,sự công nhận
submission,nộp hồ sơ
encourage,khích lệ
regulatory,quy định
inspection,điều tra
consumers,người tiêu dùng
territory,lãnh thổ
transaction,Giao dịch
manchester,Manchester.
contributions,đóng góp
continuous,tiếp diễn
resulting,kết quả
cambridge,cambridge.
initiative,sáng kiến
execution,chấp hành
disability,khuyết tật
increases,tăng
contractor,Nhà thầu
examination,kiểm tra
indicates,chỉ ra.
committed,tận tụy
extensive,sâu rộng
affordable,giá cả phải chăng
candidate,ứng viên
databases,cơ sở dữ liệu
outstanding,vượt trội
perspective,Góc nhìn cá nhân
messenger,tin nhắn
tournament,giải đấu.
consideration,Sự xem xét
discounts,Giảm giá
catalogue,mục lục
publishers,Nhà xuất bản
reservation,Dự phòng
remaining,còn lại
depending,tùy
expansion,sự bành trướng
purchased,mua
performing,biểu diễn
collected,thu thập
absolutely,chắc chắn rồi
featuring,đặc trưng
implement,triển khai thực hiện
scheduled,lên kế hoạch
calculator,máy tính
significantly,đáng kể
temporary,tạm thời
sufficient,hợp lý
vancouver,Vancouver.
contribution,sự đóng góp
measurement,đo đạc
constitution,Tổ chức
packaging,Đóng gói.
consultation,Tư vấn
northwest,Tây Bắc
classroom,lớp học
democracy,nền dân chủ
wallpaper,hình nền
merchandise,hàng hóa
resistance,Sức cản
baltimore,Baltimore.
candidates,ứng viên
charlotte,Charlotte.
biological,sinh học.
transition,Chuyển đổi
preferences,sở thích
instrument,dụng cụ
classification,Phân loại.
physician,bác sĩ
hollywood,Hollywood.
wikipedia,Wikipedia.
spiritual,tâm linh.
photographs,hình ảnh
relatively,tương đối
satisfaction,sự thỏa mãn
represents,đại diện
pittsburgh,Pittsburgh.
preferred,ưu tiên
intellectual,trí thức.
comfortable,Thoải mái
interaction,sự tương tác
effectively,có hiệu quả
experimental,thực nghiệm
revolution,Cuộc cách mạng
consolidation,Hợp nhất.
landscape,phong cảnh
dependent,phụ thuộc
mechanical,cơ khí
consultants,Tư vấn
applicant,người xin việc
cooperation,sự hợp tác
acquisition,mua lại
implemented,thực hiện.
directories,Thư mục.
recognized,được công nhận
notification,thông báo
licensing,cấp phép
textbooks,sách giáo khoa
diversity,đa dạng
cleveland,Cleveland.
investments,đầu tư
accessibility,khả năng tiếp cận
sensitive,nhạy cảm
templates,Mẫu
completion,hoàn thành
universities,trường đại học
technique,kĩ thuật
contractors,nhà thầu
subscriptions,đăng ký.
calculate,tính toán
alexander,Alexander.
broadcast,phát tin
converted,chuyển đổi
improvements,cải tiến
specification,sự chỉ rõ
accessible,có thể truy cập
accessory,phụ kiện
typically,tiêu biểu
representation,đại diện
arrangements,sắp xếp
conferences,hội nghị
uniprotkb,Uniprotkb.
consumption,sự tiêu thụ
birmingham,Birmingham.
afternoon,buổi chiều
consultant,tư vấn
controller,Bộ điều khiển
ownership,quyền sở hữu
committees,Ủy ban
legislative,lập pháp
researchers,Các nhà nghiên cứu
unsubscribe,hủy đăng ký
molecular,phân tử.
residence,nơi cư trú
attorneys,luật sư.
operators,Các nhà khai thác.
sustainable,bền vững
statistical,thống kê.
innovation,sự đổi mới
employers,sử dụng lao động
definitions,các định nghĩa
elections,Bầu cử
stainless,không gỉ
newspapers,Báo
exception,ngoại lệ
successfully,thành công
indonesia,Indonesia.
primarily,chủ yếu
capabilities,Khả năng
recommendation,sự giới thiệu
recruitment,Tuyển dụng.
organized,được tổ chức
improving,nâng cao
expensive,đắt
organisations,tổ chức
explained,giải thích
programmes,Chương trình
expertise,Chuyên môn.
mechanism,cơ chế.
jewellery,đồ kim hoàn
eventually,sau cùng
agreements,Thỏa thuận
considering,xem xét
innovative,sáng tạo
conclusion,phần kết luận
disorders,rối loạn.
collaboration,sự hợp tác
detection,Phát hiện.
formation,sự hình thành
engineers,Kỹ sư
proposals,đề xuất.
moderator,Người điều hành.
tutorials,hướng dẫn
settlement,Giải quyết
collectables,sưu tầm
fantastic,tuyệt diệu
governments,Chính phủ
purchasing,thu mua
appointed,bổ nhiệm
operational,Hoạt động
corresponding,tương ứng
descriptions,mô tả
determination,sự quyết tâm
productions,sản xuất
telecommunications,Viễn thông
instructor,Giảng viên
approaches,phương pháp tiếp cận
highlights,Điểm nổi bật
designers,Nhà thiết kế
melbourne,Melbourne.
scientists,các nhà khoa học
blackjack,blackjack.
argentina,Argentina.
possibility,khả năng
commissioner,Ủy viên
dangerous,sự nguy hiểm
reliability,độ tin cậy
unfortunately,không may
respectively,tương ứng
volunteers,Tình nguyện viên
attachment,tập tin đính kèm
appointment,cuộc hẹn
workshops,hội thảo
hurricane,bão
represented,đại diện
mortgages,Thế chấp
carefully,cẩn thận
productivity,năng suất
investors,Nhà đầu tư
underground,bí mật
diagnosis,chẩn đoán
principle,nguyên tắc
vacations,kỳ nghỉ
calculated,tính toán
appearance,vẻ bề ngoài
incorporated,hợp nhất
notebooks,sổ ghi chép
algorithm,thuật toán
valentine,lễ tình nhân
involving,liên quan
investing,đầu tư
christopher,Christopher.
admission,nhận vào
terrorism,Khủng bố.
parliament,Quốc hội.
situations,tình huống
allocated,phân bổ.
corrections,đính chính
structural,cấu trúc
municipal,thành phố.
describes,mô tả
disabilities,Khuyết tật
substance,chất
prohibited,Cấm
addressed,giải quyết
simulation,mô phỏng.
initiatives,khả năng phán đoán
concentration,sự tập trung
interpretation,diễn dịch
bankruptcy,Phá sản.
optimization,tối ưu hóa
substances,vật liệu xây dựng
discovered,đã phát hiện
restrictions,những hạn chế
participating,tham gia
exhibition,buổi triển lãm
composition,thành phần
nationwide,Trên toàn quốc
definitely,chắc chắn
existence,sự tồn tại
commentary,Bình luận
limousines,xe limousines.
developments,phát triển
immigration,nhập cư.
destinations,Điểm đến
necessarily,nhất thiết
attribute,thuộc tính
apparently,rõ ràng
surrounding,xung quanh
popularity,phổ biến
postposted,bưu điện
coordinator,Điều phối viên.
obviously,rõ ràng
fundamental,cơ bản
substantial,đáng kể
progressive,cấp tiến
championship,chức vô địch
sacramento,Sacramento.
impossible,Không thể nào
depression,Phiền muộn
testimonials,Lời chứng thực
memorabilia,kỷ niệm
cartridge,hộp đạn
explanation,giải trình
cincinnati,cincinnati.
subsection,tiểu mục
permitted,được phép
workplace,nơi làm việc
confirmed,đã xác nhận
wallpapers,hình nền.
infection,sự nhiễm trùng
eligibility,đủ điều kiện
involvement,sự tham gia
placement,Vị trí
observations,quan sát
vbulletin,vbulletin.
subsequent,tiếp theo
motorcycle,xe máy
disclosure,tiết lộ
establishment,thành lập.
presentations,thuyết trình
undergraduate,sinh viên đại học.
occupation,nghề nghiệp
donations,Quyên góp
associations,hiệp hội
citysearch,CitySearch.
radiation,sự bức xạ
seriously,nghiêm túc
elsewhere,ở nơi khác
conservative,thận trọng
guestbook,Sổ lưu niệm
effectiveness,hiệu quả
demonstrate,chứng tỏ
atmosphere,bầu khí quyển
experiment,thí nghiệm
purchases,mua hàng
federation,Liên đoàn
assignment,phân công
chemicals,hóa chất
everybody,mọi người
nashville,Nashville.
counseling,Tư vấn
acceptable,chấp nhận
satisfied,thỏa mãn
measurements,đo
milwaukee,Milwaukee.
medication,thuốc
warehouse,Kho
shareware,Phần mềm chia sẻ
violation,sự vi phạm
configure,cấu hình.
southwest,tây nam
institutional,thể chế.
expectations,mong đợi
independence,Sự độc lập
metabolism,sự trao đổi chất
personally,Cá nhân.
excellence,xuất sắc
somewhere,một vài nơi
attributes,thuộc tính
recognize,nhìn nhận
screening,sàng lọc
thumbnail,hình nhỏ
forgotten,quên
intelligent,thông minh
obligation,nghĩa vụ
regardless,bất kể
restricted,hạn chế
republican,Cộng hòa.
merchants,thương nhân.
attendance,sự tham dự
arguments,tranh luận
amsterdam,Amsterdam.
adventures,Cuộc phiêu lưu
announcement,sự thông báo
regularly,thường xuyên
mechanisms,cơ chế
customize,tùy chỉnh.
tradition,truyền thống
indicators,chỉ số
emissions,khí thải.
physicians,bác sĩ.
complaint,lời phàn nàn
experiments,thí nghiệm
afghanistan,Afghanistan.
scholarship,học bổng
governance,quản trị.
supplements,Bổ sung
camcorder,Máy quay phim
implementing,thực thi
ourselves,chính chúng ta
conversation,cuộc hội thoại
capability,Khả năng
producing,sản xuất
precision,độ chính xác
contributed,đóng góp.
reproduction,sinh sản
ingredients,Thành phần
franchise,nhượng quyền thương mại
complaints,Khiếu nại.
promotions,khuyến mãi
rehabilitation,Phục hồi chức năng
maintaining,duy trì
environments,môi trường
reception,tiếp nhận
correctly,chính xác.
consequences,hậu quả
geography,môn Địa lý
appearing,xuất hiện
integrity,thanh Liêm
discrimination,phân biệt
processed,xử lý
implications,hàm ý
intermediate,Trung cấp
emotional,đa cảm
platforms,nền tảng
geographic,Địa lý
preliminary,sơ bộ
districts,quận
introduce,giới thiệu
promotional,khuyến mãi
chevrolet,chevrolet.
specialists,Chuyên gia
generator,máy phát điện
suspension,Huyền phù
correction,điều chỉnh
authentication,xác thực
communicate,giao tiếp
supplement,phần bổ sung
showtimes,lịch chiếu phim
promoting,quảng bá.
machinery,Máy móc
bandwidth,băng thông
probability,xác suất
dimension,kích thước
schedules,Lịch trình
admissions,Tuyển sinh
quarterly,hàng quý
illustrated,minh họa
continental,Continental.
alternate,Luân phiên
achievement,thành tích
limitations,Hạn chế
automated,tự động
passenger,hành khách
convenient,tiện lợi
orientation,sự định hướng
flexibility,Uyển chuyển
jurisdiction,quyền hạn
displaying,hiển thị
encouraged,động viên
cartridges,hộp mực
declaration,tờ khai
automation,tự động hóa
preparing,chuẩn bị
recipient,người nhận
extensions,mở rộng
athletics,Thế vận hội
southeast,Đông Nam
alternatives,lựa chọn thay thế
determining,xác định
personalized,cá nhân hóa
conditioning,điều hòa
partnerships,Quan hệ đối tác
destruction,sự phá hủy
increasingly,ngày càng
migration,di cư.
basically,về cơ bản
conventional,thông thường
applicants,Ứng viên
occupational,nghề nghiệp
adjustment,điều chỉnh.
treatments,phương pháp điều trị
camcorders,Máy quay phim
difficulty,sự khó khăn
collective,tập thể
coalition,liên minh
enrollment,ghi danh
producers,nhà sản xuất
collector,nhà sưu tập.
interfaces,giao diện.
advertisers,Nhà quảng cáo
representing,đại diện
observation,quan sát
restoration,sự phục hồi
convenience,tiện
opposition,Sự đối lập
container,thùng đựng hàng
defendant,bị cáo
confirmation,Xác nhận
supervisor,người giám sát
peripherals,thiết bị ngoại vi.
bestsellers,bán chạy nhất
departure,sự khởi hành
minneapolis,minneapolis.
interactions,TƯƠNG TÁC
intervention,sự can thiệp
attraction,sức hút
modification,sửa đổi.
customized,tùy chỉnh.
understood,hiểu
assurance,Đảm bảo
happening,đang xảy ra
amendments,sửa đổi
metropolitan,Metropolitan.
compilation,biên soạn.
verification,xác minh
attractive,hấp dẫn
recordings,Bản ghi âm
gardening,làm vườn
obligations,Nghĩa vụ
orchestra,dàn nhạc
polyphonic,đa âm
outsourcing,Gia công
adjustable,điều chỉnh
allocation,phân bổ.
discipline,kỷ luật
demonstrated,chứng minh
identifying,xác định
alphabetical,bảng chữ cái.
dispatched,phái đi
installing,lắp đặt.
photographer,nhiếp ảnh gia
messaging,Nhắn tin.
constructed,xây dựng
additions,bổ sung.
requiring,yêu cầu
engagement,hôn ước
refinance,Tái cấp vốn
arrangement,sự sắp xếp
conclusions,kết luận
bibliography,thư mục
compatibility,Khả năng tương thích
furthermore,Hơn nữa.
cooperative,Hợp tác xã.
measuring,đo lường
jacksonville,Jacksonville.
headquarters,trụ sở chính
transfers,chuyển giao.
transformation,chuyển đổi.
attachments,Tệp đính kèm.
administrators,Quản trị viên
personality,nhân cách
facilitate,tạo điều kiện
subscriber,người đăng kí
priorities,ưu tiên
bookstore,Nhà sách.
parenting,nuôi dạy con cái
incredible,đáng kinh ngạc
commonwealth,liên bang
pharmaceutical,dược phẩm
manhattan,thành phố Manhattan
workforce,Lực lượng lao động
organizational,tổ chức.
portuguese,Bồ Đào Nha
everywhere,mọi nơi
discharge,phóng điện
halloween,halloween.
hazardous,nguy hiểm
methodology,Phương pháp học.
housewares,đồ gia dụng.
reputation,uy tín
resistant,Chống lại
democrats,Dân chủ
recycling,tái chế
qualifications,Trình độ chuyên môn
slideshow,trình chiếu
variation,Biến thể.
transferred,chuyển nhượng
photograph,ảnh chụp
distributor,nhà phân phối
underlying,cơ bản
wrestling,Đấu vật
photoshop,photoshop.
gathering,thu thập
projection,Dự đoán
specialized,chuyên nghành
diagnostic,Chẩn đoán
indianapolis,Indianapolis.
corporations,Tổng công ty.
criticism,sự chỉ trích
automobile,ô tô
confidential,bảo mật
statutory,theo luật định
accommodations,Chỗ ở
northeast,Đông Bắc.
downloaded,Tải về
paintings,những bức tranh
injection,mũi tiêm
yorkshire,Yorkshire.
protective,bảo vệ
initially,Ban đầu
indicator,chỉ báo
eliminate,loại bỏ
sunglasses,kính râm
preference,sự ưa thích
threshold,ngưỡng.
venezuela,venezuela.
exploration,thăm dò
sequences,trình tự.
astronomy,thiên văn học.
translate,giải thích
announces,thông báo
compression,nén
establishing,thiết lập
constitutional,hiến pháp
perfectly,hoàn hảo
instantly,ngay lập tức
litigation,Vụ kiện
submissions,Đệ trình
broadcasting,phát thanh truyền hình
horizontal,nằm ngang
terrorist,khủng bố
informational,thông tin
ecommerce,Thương mại điện tử.
suffering,đau khổ
prospective,tiềm năng
ultimately,cuối cùng
artificial,nhân tạo
spectacular,Hùng vĩ
coordination,Phối hợp
connector,tư nối
affiliated,liên kết
activation,Kích hoạt
naturally,một cách tự nhiên
subscribers,thuê bao.
mitsubishi,Mitsubishi.
potentially,có tiềm năng
constraints,hạn chế
inclusive,bao gồm
dimensional,chiều.
considerable,đáng kể
selecting,chọn
processors,bộ xử lý
pantyhose,quần lót
difficulties,nỗi khó khăn
complexity,sự phức tạp
constantly,liên tục
barcelona,Barcelona.
presidential,Tổng thống.
documentary,phim tài liệu
territories,Lãnh thổ
palestinian,Palestine
legislature,cơ quan lập pháp
hospitality,lòng hiếu khách
procurement,tạp vụ
theoretical,lý thuyết.
exercises,Bài tập
surveillance,giám sát.
protocols,giao thức.
highlight,điểm nổi bật
substitute,thay thế
inclusion,bao gồm
brilliant,xuất sắc
evaluated,đánh giá
assignments,Bài tập
termination,Chấm dứt
households,hộ gia đình
authentic,thật
montgomery,Montgomery.
architectural,kiến trúc.
louisville,Louisville.
macintosh,Macintosh.
amenities,tiện nghi
virtually,Hầu như
authorization,Ủy quyền.
projector,máy chiếu
comparative,so sánh
psychological,tâm lý.
surprised,ngạc nhiên
genealogy,phả hệ
expenditure,chi phí
liverpool,Liverpool.
connectivity,Kết nối
algorithms,thuật toán
similarly,tương tự
collaborative,hợp tác.
excluding,không bao gồm
commander,chỉ huy
suggestion,gợi ý
spotlight,đốm sáng
investigate,khảo sát
connecting,Đang kết nối
logistics,Logistics
proportion,tỷ lệ
significance,ý nghĩa
symposium,Hội nghị chuyên đề
essentials,nhu yếu phẩm
protecting,bảo vệ
transmitted,truyền đi
screenshots,Ảnh chụp màn hình
intensive,căng
switching,Chuyển đổi
correspondence,thư tín
supervision,Giám sát
expenditures,chi tiêu.
separation,tách biệt
testimony,Lời khai.
celebrities,Người nổi tiếng
mandatory,bắt buộc
boundaries,ranh giới
syndication,cung cấp
celebration,lễ ăn mừng
filtering,Lọc
luxembourg,Luxembourg.
offensive,phản cảm
deployment,triển khai.
colleagues,đồng nghiệp
separated,ly thân
directive,Chỉ thị
governing,quản lý.
retailers,nhà bán lẻ.
occasionally,thỉnh thoảng
attending,tham dự.
recruiting,Tuyển dụng.
instructional,hướng dẫn
traveling,đi du lịch
permissions,Quyền
biotechnology,Công nghệ sinh học.
prescribed,quy định
reproduced,tái sản xuất
calculation,phép tính
consolidated,"hợp nhất, củng cố"
occasions,dịp
equations,phương trình
exceptional,đặc biệt
respondents,người trả lời
considerations,cân nhắc
queensland,Queensland.
musicians,nhạc sĩ
unavailable,không có sẵn
essentially,bản chất
designing,Thiết kế
assessments,đánh giá
sensitivity,nhạy cảm
preservation,sự bảo tồn
streaming,phát trực tuyến.
intensity,Cường độ
technological,Công nghệ.
antivirus,diệt virus
addressing,địa chỉ
discounted,giảm giá
bangladesh,Bangladesh.
constitute,cấu tạo
concluded,kết luận
desperate,tuyệt vọng
demonstration,trình diễn.
governmental,Chính phủ.
manufactured,được sản xuất
graduation,tốt nghiệp
variations,Biến thể.
addiction,nghiện
springfield,Springfield.
synthesis,Tổng hợp
undefined,chưa xác định
unemployment,thất nghiệp
enhancement,sự nâng cao
newcastle,Newcastle.
performances,biểu diễn
societies,xã hội
brazilian,người nước Brazil
identical,giống hệt nhau
petroleum,dầu mỏ.
norwegian,Na Uy
retention,giữ lại
exchanges,TRAO ĐỔI.
soundtrack,nhạc phim
wondering,tự hỏi
profession,chuyên nghiệp
separately,riêng biệt
physiology,Sinh lý học.
collecting,sưu tập
participant,Người tham gia
scholarships,học bổng.
recreational,giải trí
friendship,hữu nghị
expanding,Mở rộng
provincial,Tỉnh
investigations,điều tra
medications,thuốc
rochester,Rochester.
advertiser,Nhà quảng cáo
encryption,Mã hóa
downloadable,Tải về
sophisticated,tinh vi
possession,chiếm hữu
vegetables,rau
thumbnails,hình thu nhỏ
stockings,vớ.
respondent,Bị đơn
destroyed,bị phá hủy.
manufacture,Sản xuất
wordpress,wordpress.
vulnerability,Lỗ hổng
accountability,trách nhiệm giải trình
celebrate,ăn mừng
accredited,công nhận
appliance,thiết bị
compressed,nén
scheduling,Lên lịch
perspectives,quan điểm
mortality,Tỷ lệ tử vong
christians,Thiên Chúa giáo
therapeutic,trị liệu.
impressive,ấn tượng
accordingly,Theo đó
architect,kiến trúc sư
challenging,thách thức
microwave,lò vi sóng
accidents,tai nạn
relocation,tái định cư
contributors,Người đóng góp.
violations,Vi phạm
temperatures,nhiệt độ
competitions,thi đấu.
discretion,tùy ý
cosmetics,mỹ phẩm.
concentrations,nồng độ.
christianity,Kitô giáo.
negotiations,Đàm phán
realistic,thực tế
christina,Christina.
congressional,Quốc hội
photographic,chụp ảnh.
modifications,sửa đổi.
millennium,thiên niên kỷ.
achieving,đạt được
fisheries,thủy sản
exceptions,Ngoại lệ
reactions,phản ứng
macromedia,macromedia.
companion,đồng hành
divisions,Bộ phận
additionally,Ngoài ra
fellowship,tình bằng hữu
victorian,Victoria.
copyrights,Bản quyền
lithuania,Litva.
mastercard,Mastercard.
chronicles,Biên niên sử
obtaining,có được
distribute,phân phát
decorative,trang trí.
enlargement,mở rộng.
campaigns,Chiến dịch
conjunction,sự liên kết
instances,trường hợp
indigenous,bản địa
validation,Thẩm định
corruption,tham nhũng.
incentives,ưu đãi
cholesterol,cholesterol.
differential,vi phân.
scientist,nhà khoa học.
starsmerchant,StarsMerchant.
arthritis,viêm khớp
nevertheless,Tuy nhiên
practitioners,học viên
transcript,bảng điểm
inflation,Lạm phát.
compounds,Các hợp chất
contracting,ký kết
structured,Cấu trúc.
reasonably,hợp lý
graduates,tốt nghiệp
recommends,Đề nghị
controlling,Kiểm soát
distributors,Nhà phân phối.
arlington,arlington.
particles,vật rất nhỏ
extraordinary,đặc biệt
indicating,chỉ ra
coordinate,danh từ: Tọa độ
exclusively,duy nhất
limitation,giới hạn.
widescreen,Màn hình rộng
illustration,hình minh họa
inquiries,Thắc mắc
inspiration,nguồn cảm hứng
affecting,ảnh hưởng đến
downloading,Tải về
aggregate,tổng hợp
forecasts,dự báo
complicated,phức tạp
shopzilla,Shopzilla.
decorating,trang trí.
expressions,biểu thức
shakespeare,Shakespeare.
connectors,kết nối
conflicts,Xung đột
travelers,Du khách
offerings,dịch vụ
incorrect,không đúng
furnishings,Nội thất
guatemala,Guatemala.
perception,sự nhận thức
renaissance,Phục hưng.
pathology,bệnh lý.
ordinance,Pháp lệnh.
photographers,nhiếp ảnh gia
infections,Nhiễm trùng
configured,cấu hình
festivals,lễ hội.
possibilities,khả năng
contributing,đóng góp
analytical,phân tích
circulation,vòng tuần hoàn
assumption,giả thiết
jerusalem,Jerusalem.
invention,phát minh
technician,kỹ thuật viên
executives,giám đốc điều hành
enquiries,Thắc mắc
cognitive,nhận thức
exploring,khám phá
registrar,Nhà đăng ký.
supporters,Những người ủng hộ
withdrawal,rút tiền
predicted,dự đoán
saskatchewan,Saskatchewan.
cancellation,hủy bỏ
ministers,Bộ trưởng
veterinary,Thú y.
prostores,tiền liệt tuyến
relevance,sự liên quan.
incentive,khích lệ
butterfly,Con bướm
mechanics,Cơ học.
numerical,số.
reflection,sự phản xạ
accompanied,kèm theo
invitation,Thư mời
princeton,Princeton.
spirituality,Tâm linh.
meanwhile,Trong khi đó
proprietary,chủ sở hữu
childrens,trẻ em
porcelain,sứ
pichunter,pichunter.
translated,dịch.
columnists,chuyên mục
consensus,đoàn kết
delivering,giao hàng.
journalism,Báo chí.
intention,chủ đích
undertaken,thực hiện
statewide,tiểu bang
semiconductor,bán dẫn
illustrations,Hình minh họa
happiness,niềm hạnh phúc
substantially,đáng kể
identifier,định danh.
calculations,tính toán
conducting,tiến hành
accomplished,hoàn thành
impression,ấn tượng
correlation,tương quan
fragrance,Nước hoa
neighbors,người hàng xóm
transparent,trong suốt
charleston,Charleston.
champions,Nhà vô địch.
selections,lựa chọn
projectors,máy chiếu
inappropriate,không thích hợp
comparing,so sánh
vocational,Dạy nghề
pharmacies,Nhà thuốc
introducing,Giới thiệu.
appreciated,đánh giá cao
albuquerque,albuquerque
distinguished,phân biệt.
projected,dự kiến
assumptions,giả định
shareholders,Cổ đông
developmental,phát triển
regulated,quy định.
anticipated,dự đoán
completing,hoàn thành
comparable,so sánh
confusion,sự hoang mang
copyrighted,Bản quyền
warranties,bảo hành
documented,ghi lại
paperbacks,Bìa mềm
keyboards,những bàn phím
vulnerable,dễ bị tổn thương
reflected,phản ánh
respiratory,hô hấp.
notifications,thông báo.
transexual,transexual.
mainstream,Xu hướng
evaluating,đánh giá.
subcommittee,Tiểu ban
maternity,thai sản.
foundations,nền tảng.
volleyball,bóng chuyền
liabilities,TRÁCH NHIỆM PHÁP LÝ
tolerance,lòng khoan dung
describing,miêu tả
lightning,Lightning.
quotations,Trích dẫn
inspector,Thanh tra
bookmarks,Dấu trang.
behavioral,hành vi.
riverside,ven sông.
bathrooms,Phòng tắm
abilities,Khả năng
initiated,bắt đầu
nonprofit,phi lợi nhuận.
lancaster,Lancaster.
suspended,cấm
containers,hộp đựng
attitudes,thái độ.
simultaneously,đồng thời.
integrate,tích hợp
sociology,Xã hội học.
screenshot,Ảnh chụp màn hình
exhibitions,triển lãm
confident,tự tin
retrieved,Lấy lại
officially,Chính thức
consortium,Hiệp hội
recipients,người nhận
delicious,ngon
traditions,truyền thống
periodically,định kỳ
hungarian,người Hungary
referring,Giới thiệu
transform,biến đổi
educators,Nhà giáo dục
vegetable,rau
humanities,Nhân văn
independently,độc lập
alignment,liên kết
britannica,Britannica.
visibility,hiển thị
consciousness,ý thức
resolutions,nghị quyết
accessing,truy cập
attempted,đã cố gắng
witnesses,Nhân chứng
administered,quản lý
strengthen,củng cố
frederick,Frederick.
aggressive,xâm lược
advertisements,quảng cáo
sublimedirectory,Sublimedirectory.
disturbed,bị làm phiền
determines,xác định.
sculpture,điêu khắc
motivation,động lực
pharmacology,dược lý.
passengers,hành khách
quantities,số lượng
petersburg,Petersburg.
consistently,nhất quán
powerpoint,Powerpoint.
obituaries,phó tín
punishment,hình phạt.
appreciation,sự đánh giá
subsequently,sau đó
providence,Providence
restriction,sự hạn chế
incorporate,kết hợp
backgrounds,tầng lớp
treasurer,Thủ quỹ
lightweight,Nhẹ
transcription,phiên mã
complications,biến chứng
scripting,kịch bản
remembered,nhớ
synthetic,Tổng hợp
testament,Di chúc.
specifics,Cụ thể
partially,một phần.
wilderness,hoang dã
generations,các thế hệ
tournaments,giải đấu
sponsorship,sự tài trợ
headphones,tai nghe
proceeding,tiến hành
volkswagen,Volkswagen.
uncertainty,tính không chắc chắn
breakdown,phá vỡ
reconstruction,Tái thiết
subsidiary,công ty con
strengths,điểm mạnh
encouraging,khuyến khích.
furnished,trang bị
comparisons,so sánh
beneficial,có lợi
distributions,phân phối.
viewpicture,ViewPicture.
threatened,bị đe dọa
republicans,Cộng hòa
discusses,thảo luận
responded,trả lời
abstracts,tóm tắt
prediction,sự dự đoán
pharmaceuticals,dược phẩm.
thesaurus,lesaurus.
individually,cá nhân.
battlefield,chiến trường
literally,theo đúng nghĩa đen
ecological,sinh thái
appraisal,thẩm định
consisting,bao gồm
submitting,ĐĂNG KÝ
citations,Trích dẫn
geographical,địa lý.
mozambique,Mozambique.
disclaimers,Tuyên bố miễn trừ trách nhiệm
championships,Giải vô địch
sheffield,sheffield.
finishing,hoàn thiện
wellington,Wellington.
prospects,tương lai
bulgarian,Bulgaria
aboriginal,thổ dân.
remarkable,đáng chú ý
preventing,Ngăn chặn
productive,năng suất
boulevard,Đại lộ.
compliant,tuân thủ
penalties,hình phạt
imagination,trí tưởng tượng
refurbished,Tân trang lại
activated,kích hoạt
conferencing,hội nghị
armstrong,Armstrong.
politicians,chính trị gia.
trackbacks,trackbacks.
accommodate,cung cấp
christine,Christine.
accepting,chấp nhận
precipitation,sự kết tủa
isolation,sự cô lập
sustained,duy trì
approximate,gần đúng
programmer,lập trình viên
greetings,lời chào hỏi
inherited,thừa hưởng
incomplete,chưa hoàn thiện
chronicle,ghi chép lại
legitimate,hợp pháp
biographies,tiểu sử.
plaintiff,Nguyên đơn
prisoners,tù nhân
mediterranean,Địa Trung Hải.
nightlife,Cuộc sống về đêm
architects,Kiến trúc sư
entrepreneur,Doanh nhân
freelance,tự do.
excessive,quá đáng
screensaver,bảo vệ màn hình
valuation,định giá
unexpected,bất ngờ
cigarette,thuốc lá
characteristic,đặc điểm.
metallica,Metallica.
consequently,hậu quả là
appointments,Các cuộc hẹn
narrative,chuyện kể
academics,học thuật
quantitative,định lượng
screensavers,Trình bảo vệ màn hình
subdivision,phân khu.
distinction,phân biệt
livestock,Chăn nuôi.
exemption,Miễn trừ
sustainability,Sự bền vững
formatting,định dạng.
nutritional,dinh dưỡng
nicaragua,nicaragua.
affiliation,Chi nhánh
relatives,họ hàng
satisfactory,thỏa đáng
revolutionary,Cách mạng.
bracelets,vòng tay.
telephony,điện thoại.
breathing,thở
thickness,Độ dày
adjustments,điều chỉnh.
graphical,đồ họa.
discussing,thảo luận
aerospace,không gian vũ trụ
meaningful,có ý nghĩa
maintains,duy trì
shortcuts,Phím tắt.
voyeurweb,Voyeurweb.
extending,kéo dài.
specifies,Chỉ định.
accreditation,công nhận
blackberry,BlackBerry.
meditation,thiền
microphone,cái mic cờ rô
macedonia,macedonia.
combining,kết hợp
instrumental,nhạc cụ.
organizing,TỔ CHỨC.
moderators,Người điều hành
kazakhstan,Kazakhstan.
standings,Bảng xếp hạng
partition,vách ngăn
invisible,vô hình
translations,Bản dịch
commodity,hàng hóa
kilometers,Kilômét
thanksgiving,Lễ Tạ ơn
guarantees,ĐẢM BẢO.
indication,chỉ định.
congratulations,Xin chúc mừng
cigarettes,Thuốc lá
controllers,Bộ điều khiển
consultancy,Tư vấn
conventions,công ước
coordinates,tọa độ.
responding,đáp ứng
physically,thể chất
stakeholders,Các bên liên quan
hydrocodone,Hydrocodone.
consecutive,liên tục
attempting,cố gắng
representations,đại diện
competing,cạnh tranh
peninsula,bán đảo.
accurately,chính xác
considers,xem xét
ministries,Các bộ.
vacancies,Vacancy.
parliamentary,nghị viên
acknowledge,công nhận
thoroughly,triệt để
nottingham,Nottingham.
identifies,xác định.
questionnaire,bảng câu hỏi
qualification,bằng cấp
modelling,mô hình hóa
miniature,thu nhỏ
interstate,Liên bang.
consequence,kết quả
systematic,có hệ thống.
perceived,nhận thức
madagascar,Madagascar.
presenting,trình bày
uzbekistan,Uzbekistan.
magnitude,kích cỡ
richardson,Richardson.
fragrances,Nước hoa
vocabulary,từ vựng
earthquake,động đất
fundraising,gây quỹ.
geological,Địa chất học
assessing,đánh giá.
introduces,Giới thiệu.
webmasters,quản trị web.
computational,tính toán
acdbentity,ACDBENTITY.
participated,tham gia
handhelds,Thiết bị cầm tay
answering,TRẢ LỜI.
impressed,ấn tượng
conspiracy,âm mưu.
organizer,tổ chức
combinations,kết hợp
preceding,trước đó
cumulative,tích lũy
amplifier,khuếch đại.
arbitrary,Bất kỳ
prominent,nổi bật
lexington,lexington.
contacted,liên lạc
recorders,máy ghi âm
occasional,thỉnh thoảng
innovations,đổi mới
postcards,bưu thiếp.
reviewing,xem xét
explicitly,rõ ràng
transsexual,Chuyển đổi giới tính
citizenship,quyền công dân
informative,nhiều thông tin
girlfriend,bạn gái
bloomberg,Bloomberg.
hierarchy,hệ thống cấp bậc
influenced,chịu ảnh hưởng
abandoned,bị bỏ rơi
complement,bổ sung
mauritius,Mauritius.
checklist,danh mục
requesting,yêu cầu
lauderdale,Lauderdale.
scenarios,kịch bản.
extraction,khai thác
elevation,độ cao
utilization,sử dụng
beverages,đồ uống
calibration,sự định cỡ
efficiently,hiệu quả
entertaining,giải trí
prerequisite,điều kiện tiên quyết
hypothesis,giả thuyết.
medicines,các loại thuốc
regression,hồi quy
enhancements,Cải tiến
renewable,tái tạo
intersection,ngã tư
passwords,Mật khẩu.
consistency,Tính nhất quán
collectors,Nhà sưu tập
azerbaijan,Azerbaijan.
astrology,chiêm tinh
occurring,xảy ra
supplemental,bổ sung
travelling,đi du lịch
induction,hướng dẫn
precisely,đúng
spreading,truyền bá
provinces,Các tỉnh
widespread,phổ biến rộng rãi
incidence,tỷ lệ mắc bệnh
incidents,sự cố
enhancing,nâng cao.
interference,sự can thiệp
palestine,Palestine.
listprice,bảng giá
atmospheric,khí quyển
knowledgestorm,am hiểu
publicity,công khai
proposition,Dự luật
allowance,phụ cấp
designation,Chỉ định.
duplicate,bản sao
criterion,tiêu chuẩn
civilization,nền văn minh
vietnamese,Tiếng Việt
tremendous,TUYỆT VỜI.
encountered,đã gặp
internationally,quốc tế
surrounded,Được bao quanh
creatures,sinh vật
commented,bình luận
accomplish,hoàn thành
vegetarian,người ăn chay
newfoundland,Newfoundland.
ambassador,Đại sứ.
stephanie,Stephanie.
vegetation,thảm thực vật
findarticles,Findarticles.
specially,Đặc biệt.
infectious,lây nhiễm.
continuity,liên tục
phenomenon,hiện tượng
conscious,biết rõ
referrals,giới thiệu
differently,khác nhau
integrating,tích hợp.
revisions,sửa đổi
reasoning,lý luận
charitable,từ thiện
annotated,chú thích
convinced,thuyết phục.
burlington,Burlington.
replacing,thay thế
researcher,nhà nghiên cứu
watershed,đầu nguồn
occupations,nghề nghiệp
acknowledged,thừa nhận
equilibrium,cân bằng
characterized,đặc trưng
privilege,Đặc quyền
qualifying,đủ điều kiện
estimation,ước lượng
pediatric,nhi khoa
techrepublic,TechRepublic.
institutes,Viện
brochures,tài liệu quảng cáo
traveller,khách du lịch
appropriations,chiếm đoạt.
suspected,nghi ngờ
benchmark,chuẩn mực
beginners,người mới bắt đầu
instructors,giáo viên hướng dẫn
highlighted,nhấn mạnh
stationery,Văn phòng phẩm
unauthorized,không được phép
competent,có thẩm quyền
contributor,đóng góp.
demonstrates,chứng minh.
gradually,dần dần
desirable,mong muốn
journalist,nhà báo
afterwards,sau đó
religions,tôn giáo
explosion,nổ
signatures,Chữ ký
disciplines,kỷ luật
daughters,con gái
conversations,Cuộc trò chuyện
simplified,giản thể
motherboard,bo mạch chủ
bibliographic,thư mục.
deviation,sai lệch
superintendent,Giám thị.
housewives,Các bà nội trợ
influences,ảnh hưởng
inspections,KIỂM TRA
irrigation,thủy lợi
hydraulic,thủy lực.
robertson,Robertson.
penetration,thâm nhập
conviction,"lòng tin chắc, sự kết án, phán quyết"
omissions,thiếu sót
retrieval,lấy lại.
qualities,phẩm chất
prototype,nguyên mẫu
importantly,quan trọng
apparatus,Thiết bị
explaining,giải thích
nomination,sự đề cử
empirical,thực nghiệm
dependence,sự phụ thuộc
sexuality,tình dục
polyester,polyester
commitments,cam kết
suggesting,Đề xuất
remainder,phần còn lại
privileges,đặc quyền
televisions,Ti vi
specializing,Chuyên
commodities,hàng hóa
motorcycles,xe máy
concentrate,tập trung
reproductive,sinh sản.
molecules,phân tử.
refrigerator,tủ lạnh
intervals,khoảng thời gian
sentences,câu phù hợp
exclusion,loại trừ.
workstation,máy trạm
holocaust,Holocaust.
receivers,người nhận
disposition,bố trí
navigator,hoa tiêu
investigators,điều tra viên
marijuana,cần sa
cathedral,Thánh đường
fairfield,công bằng.
fascinating,lôi cuốn
landscapes,cảnh quan.
lafayette,Lafayette.
computation,Tính toán
cardiovascular,tim mạch.
salvation,sự cứu rỗi.
predictions,phỏng đoán
accompanying,đi cùng
selective,chọn lọc.
arbitration,Trọng tài
configuring,cấu hình.
editorials,Biên tập
sacrifice,hy sinh
removable,có thể tháo rời
convergence,hội tụ.
gibraltar,Gibraltar.
anthropology,Nhân chủng học.
malpractice,sai lầm
reporters,những phóng viên
necessity,sự cần thiết
rendering,kết xuất.
hepatitis,viêm gan.
nationally,quốc gia
waterproof,không thấm nước
specialties,Đặc sản
humanitarian,nhân đạo.
invitations,lời mời
functioning,hoạt động
economies,kinh tế
alexandria,Alexandria.
bacterial,vi khuẩn.
undertake,thực hiện
continuously,liên tục
achievements,thành tựu
convertible,mui trần.
secretariat,Ban thư ký
paragraphs,Đoạn văn.
adolescent,thanh niên
nominations,Đề cử.
cancelled,hủy bỏ
introductory,Giới thiệu
reservoir,Hồ chứa
occurrence,tần suất xảy ra
worcester,Worcester.
demographic,nhân khẩu học
disciplinary,kỷ luật
respected,tôn trọng
portraits,chân dung
interpreted,giải thích
evaluations,đánh giá
hypothetical,giả thuyết.
immigrants,Những người nhập cư
complimentary,ca ngợi
helicopter,trực thăng
performer,biểu diễn
commissions,Hoa hồng
powerseller,Powerseller.
graduated,đã tốt nghiệp
surprising,thật ngạc nhiên
unnecessary,không cần thiết
dramatically,đáng kể
yugoslavia,yugoslavia.
characterization,đặc điểm hóa
likelihood,Khả năng
fundamentals,nguyên tắc cơ bản
contamination,ô nhiễm
endangered,nguy cơ tuyệt chủng
compromise,sự thỏa hiệp
expiration,hết hạn
namespace,không gian tên.
peripheral,ngoại vi.
negotiation,Đàm phán
opponents,đối thủ
nominated,Đề cử
confidentiality,bảo mật
electoral,bầu cử.
changelog,Changelog.
alternatively,Hoặc
greensboro,Greensboro.
controversial,gây tranh cãi
recovered,phục hồi
upgrading,nâng cấp.
frontpage,FrontPage.
demanding,đòi hỏi
defensive,phòng ngự
forbidden,cấm
programmers,lập trình viên
monitored,theo dõi
installations,lắp đặt.
deutschland,Deutschland.
practitioner,người hành nghề
motivated,động lực
smithsonian,Smithsonian.
examining,kiểm tra.
revelation,Khải huyền
delegation,phái đoàn
dictionaries,Từ điển.
greenhouse,nhà kính
transparency,minh bạch
currencies,tiền tệ
survivors,những người sống sót
positioning,định vị
descending,giảm dần.
temporarily,một cách tạm thời
frequencies,tần số
reflections,phản chiếu
municipality,Đô thị
detective,thám tử
experiencing,trải nghiệm
fireplace,lò sưởi
endorsement,chứng thực.
psychiatry,Tâm thần học
persistent,kiên trì
summaries,tóm tắt
looksmart,nhìn thông minh
colleague,đồng nghiệp
adaptation,thích ứng
paintball,paintball.
enclosure,bao vây
supervisors,Giám sát viên
westminster,Westminster.
distances,khoảng cách
absorption,hấp thụ
treasures,Châu báu
transcripts,bảng điểm
disappointed,thất vọng
continually,liên tục
communist,Cộng sản
collectible,Sưu tập
entrepreneurs,Doanh nhân
creations,sáng tạo
acquisitions,mua lại.
biodiversity,sự đa dạng sinh học
excitement,phấn khích
presently,Hiện tại
mysterious,bí ẩn.
librarian,thủ thư
subsidiaries,công ty con.
stockholm,X-tốc-khôm
indonesian,Indonesia
therapist,nhà trị liệu.
promising,Hứa hẹn
relaxation,thư giãn
thereafter,sau đó
commissioners,Ủy viên
forwarding,chuyển tiếp
nightmare,Cơn ác mộng
reductions,giảm
southampton,Southampton.
organisms,sinh vật
telescope,Kính thiên văn
portsmouth,Portsmouth.
advancement,thăng tiến.
harassment,quấy rối.
generators,máy phát điện
replication,nhân rộng
inexpensive,không tốn kém
receptors,thụ thể
interventions,can thiệp
huntington,Huntington.
internship,kỳ thực tập
aluminium,nhôm
snowboard,trượt tuyết
beastality,beastality.
evanescence,biến mất.
coordinated,phối hợp
shipments,Lô hàng.
antarctica,Nam Cực
chancellor,Chancellor.
controversy,tranh cãi
legendary,Legendary.
beautifully,Đẹp
antibodies,kháng thể
examinations,kiểm tra
immunology,Miễn dịch học.
departmental,SỞ
terminology,thuật ngữ
gentleman,Quý ông.
reproduce,tái sản xuất
convicted,bị kết án
roommates,Bạn cùng phòng
threatening,Đe dọa
spokesman,Phát ngôn viên
activists,nhà hoạt động
frankfurt,Frankfurt.
encourages,khuyến khích
assembled,lắp ráp.
restructuring,tái cấu trúc
terminals,thiết bị đầu cuối
simulations,mô phỏng
sufficiently,đầy đủ
crossword,ô chữ
conceptual,khái niệm.
liechtenstein,liechtenstein.
translator,dịch giả
automobiles,ô tô
continent,Châu lục
longitude,kinh độ
challenged,thách thức
telecharger,Telecharger.
insertion,chèn
instrumentation,thiết bị đo đạc
constraint,hạn chế
groundwater,Nước ngầm
strengthening,tăng cường
insulation,vật liệu cách nhiệt
infringement,sự vi phạm
subjective,chủ quan
swaziland,Swaziland.
varieties,Đẳng cấp
mediawiki,MediaWiki.
configurations,cấu hình
